ppbaby,acddc430-d03c-4308-84ce-3a2967acb972
qwe70638,31307b94-790a-45b5-b2a4-3f5bec0694d2
ellis_fahregart,1777f1b2-e65d-4ced-a4a3-c02add7f6b20
ghost_yoin,9335f22e-e98e-4d6a-a93b-5fab30efa79b
wendy1219,8fd43885-d4ef-4e01-9120-e3dbc796fd9c
small_slag,31677640-f09e-4171-a22c-58cfd8d3c667
austerity5200,5b3f0ef9-92cd-46f1-9e39-4ca62c19b35d
ula0809,7e291141-1ddd-4a94-b688-c51b8577d2e0
xxitzfuiwenxx,3cdc7d82-7985-44fe-8167-874111cb8403
brave_penguin,56a5b685-766d-46e9-8899-20f75ecfafae
dawdlesauce,fc969a34-3026-4f87-8810-d1d81e939c1f
aoiringo,36353388-f630-4b1f-91e6-23dacf504f67
snowflake0421,fa5e2201-47b8-44ec-a1d4-c26c4079ca19
axcr89674,9e390393-af26-4895-bb00-62cfc9e9bf4f
pineapple_0201,09f637f8-7413-40fd-973c-64b87f3d6eaf
appleni_0806,dd69a147-f462-4747-aed8-9c303b1c7068
haxxrayonxpro,baaa0554-d036-4dde-ad23-d4500dcf691f
nana__emy,1443f5e7-ef8d-4eb6-9d3d-f0f23bb7d41f
neroilotsowo,d894acfb-791f-43e1-8034-82a471a7fc22
